doi,gen,ref,ratio
10.1002/adfm.201502995,0,4,0.0
10.1002/adfm.201505106,0,10,0.0
10.1002/adfm.201602501,0,14,0.0
10.1002/adfm.201602507,0,8,0.0
10.1002/adfm.201603520,0,12,0.0
10.1002/adfm.201704927,0,2,0.0
10.1002/adfm.201706023,0,8,0.0
10.1002/adfm.201707002,0,2,0.0
10.1002/adfm.201800429,0,2,0.0
10.1002/adfm.201802031,0,12,0.0
10.1002/adma.200900634,3,0,
10.1002/adma.201500267,0,6,0.0
10.1002/adma.201502053,0,7,0.0
10.1002/adma.201505491,0,12,0.0
10.1002/adma.201506391,0,4,0.0
10.1002/adma.201602127,0,4,0.0
10.1002/adma.201705641,0,9,0.0
10.1002/adma.201804228,0,54,0.0
10.1002/adom.201600843,0,4,0.0
10.1002/adom.201801282,0,6,0.0
10.1002/adom.201801536,0,4,0.0
10.1002/adom.201900476,0,4,0.0
10.1002/adom.201901150,0,2,0.0
10.1002/ajoc.201402024,6,3,2.0
10.1002/ange.201911266,0,3,0.0
10.1002/anie.201308826,0,10,0.0
10.1002/anie.201402992,0,11,0.0
10.1002/anie.201508270,0,6,0.0
10.1002/anie.201709125,0,2,0.0
10.1002/anie.201806323,0,2,0.0
10.1002/anie.201904272,0,2,0.0
10.1002/bio.2400,3,11,0.2727272727272727
10.1002/chem.201301020,0,27,0.0
10.1002/chem.201301903,0,16,0.0
10.1002/chem.201404745,0,2,0.0
10.1002/chem.201604883,0,10,0.0
"10.1002/chem.201604883,",0,2,0.0
10.1002/chem.201605820,0,12,0.0
10.1002/chem.201803428,0,15,0.0
10.1002/ejoc.201800161,0,2,0.0
10.1002/hc.21058,2,8,0.25
10.1002/poc.1222,4,12,0.3333333333333333
10.1002/smll.201901342,0,1,0.0
10.1007/BF00723901,0,41,0.0
10.1007/s00706-008-0944-y,0,12,0.0
10.1007/s10895-005-2525-3,12,10,1.2
10.1007/s10895-011-0872-9,0,16,0.0
10.1007/s10895-017-2028-z,0,10,0.0
10.1007/s10895-019-02349-5,0,24,0.0
10.1007/s10895-019-02361-9,0,24,0.0
10.1016/0003-2670(93)80128-8,0,40,0.0
10.1016/0022-2313(91)90052-W,0,6,0.0
10.1016/0022-2313(92)90006-U,0,14,0.0
10.1016/0022-2313(94)90073-6,0,18,0.0
10.1016/0022-2852(67)90089-6,0,8,0.0
10.1016/0022-2860(86)85086-4,0,4,0.0
10.1016/0047-2670(86)87007-1,0,26,0.0
10.1016/0047-2670(87)85034-7,0,20,0.0
10.1016/0584-8539(94)E0121-P,0,6,0.0
10.1016/1010-6030(88)80035-2,0,5,0.0
10.1016/1010-6030(89)87112-6,0,9,0.0
10.1016/1010-6030(91)85023-A,0,3,0.0
10.1016/1010-6030(92)85164-P,0,10,0.0
10.1016/1010-6030(94)03831-7,0,8,0.0
10.1016/1010-6030(94)03921-G,0,26,0.0
10.1016/1010-6030(94)03924-J,0,19,0.0
10.1016/1010-6030(94)03949-U,0,3,0.0
10.1016/1010-6030(95)04187-7,0,10,0.0
10.1016/1011-1344(95)90245-10,0,1,0.0
10.1016/1011-1344(95)90245-11,0,1,0.0
10.1016/1011-1344(95)90245-12,0,1,0.0
10.1016/1011-1344(95)90245-13,0,1,0.0
10.1016/1011-1344(95)90245-14,0,1,0.0
10.1016/1011-1344(95)90245-7,0,1,0.0
10.1016/1011-1344(95)90245-8,0,1,0.0
10.1016/1011-1344(95)90245-9,0,1,0.0
10.1016/S0006-3495(96)79393-1,0,4,0.0
10.1016/S0009-2614(02)00147-1,0,17,0.0
10.1016/S0009-2614(02)00784-4,0,18,0.0
10.1016/S0009-2614(97)00140-1,0,10,0.0
10.1016/S0009-2614(97)00394-1,0,20,0.0
10.1016/S0009-2614(98)00264-4,0,5,0.0
10.1016/S0009-2614(99)00316-4,0,16,0.0
10.1016/S0022-2313(01)00243-5,0,9,0.0
10.1016/S0022-2313(97)00315-3,0,4,0.0
10.1016/S0022-2860(98)00375-5,0,13,0.0
10.1016/S0022-328X(01)01391-2,0,4,0.0
10.1016/S0040-4020(02)00092-3,0,10,0.0
10.1016/S0040-4039(00)01039-X,0,3,0.0
10.1016/S0143-7208(00)00078-4,0,7,0.0
10.1016/S0143-7208(03)00028-7,7,14,0.5
10.1016/S0143-7208(97)00007-7,0,4,0.0
10.1016/S0301-0104(00)00378-5,0,8,0.0
10.1016/S0301-0104(01)00575-4,0,8,0.0
10.1016/S0301-0104(97)00018-9,0,13,0.0
10.1016/S0301-0104(98)00215-8,0,25,0.0
10.1016/S1010-6030(00)00230-6,0,52,0.0
10.1016/S1010-6030(00)00308-7,0,54,0.0
10.1016/S1010-6030(00)00359-2,0,20,0.0
10.1016/S1010-6030(00)00360-9,0,24,0.0
10.1016/S1010-6030(01)00471-3,0,2,0.0
10.1016/S1010-6030(01)00597-4,0,15,0.0
10.1016/S1010-6030(02)00301-5,0,6,0.0
10.1016/S1010-6030(02)00317-9,0,3,0.0
10.1016/S1010-6030(96)04410-3,0,4,0.0
10.1016/S1010-6030(97)00192-5,0,13,0.0
10.1016/S1010-6030(98)00275-5,0,10,0.0
10.1016/S1010-6030(99)00135-5,0,4,0.0
10.1016/S1010-6030(99)00218-X,0,1,0.0
10.1016/S1010-6030(99)00246-4,0,63,0.0
10.1016/S1011-1344(01)00197-X,0,7,0.0
10.1016/S1011-1344(97)00075-4,0,37,0.0
10.1016/S1386-1425(00)00350-4,0,6,0.0
10.1016/S1386-1425(01)00550-9,0,3,0.0
10.1016/S1386-1425(01)00599-6,0,33,0.0
10.1016/S1386-1425(01)00616-3,0,42,0.0
10.1016/S1386-1425(02)00164-6,0,15,0.0
10.1016/S1386-1425(02)00207-X,0,35,0.0
10.1016/S1386-1425(02)00300-1,0,36,0.0
10.1016/S1386-1425(99)00050-5,0,13,0.0
10.1016/S1386-1425(99)00059-1,0,11,0.0
10.1016/S1386-1425(99)00200-0,0,25,0.0
10.1016/j.arabjc.2019.05.006,0,3,0.0
10.1016/j.bioorg.2017.02.015,6,3,2.0
10.1016/j.bmc.2003.08.006,0,12,0.0
10.1016/j.bmcl.2011.01.105,2,6,0.3333333333333333
10.1016/j.bmcl.2015.10.091,4,3,1.3333333333333333
10.1016/j.bmcl.2016.11.074,0,6,0.0
10.1016/j.bpc.2008.09.004,0,5,0.0
10.1016/j.cap.2008.07.009,6,6,1.0
10.1016/j.cclet.2011.05.045,4,4,1.0
10.1016/j.cclet.2013.10.020,0,4,0.0
10.1016/j.cclet.2017.10.035,0,1,0.0
10.1016/j.cclet.2018.08.008,0,1,0.0
10.1016/j.cclet.2018.12.020,0,6,0.0
10.1016/j.cclet.2019.02.016,6,8,0.75
10.1016/j.cclet.2019.04.058,4,28,0.14285714285714285
10.1016/j.cclet.2019.07.027,0,6,0.0
10.1016/j.cclet.2019.07.059,0,2,0.0
10.1016/j.cdc.2019.100221,0,10,0.0
10.1016/j.chemosphere.2005.04.095,7,4,1.75
10.1016/j.chemphys.2003.07.003,0,24,0.0
10.1016/j.chemphys.2005.04.018,3,7,0.42857142857142855
10.1016/j.chemphys.2005.12.032,8,10,0.8
10.1016/j.chemphys.2006.05.019,3,15,0.2
10.1016/j.chemphys.2009.02.008,1,18,0.05555555555555555
10.1016/j.chemphys.2012.01.001,0,15,0.0
10.1016/j.chemphys.2018.09.042,0,24,0.0
10.1016/j.cplett.2004.10.101,1,12,0.08333333333333333
10.1016/j.cplett.2004.10.154,5,12,0.4166666666666667
10.1016/j.cplett.2005.01.096,3,2,1.5
10.1016/j.cplett.2005.03.070,0,6,0.0
10.1016/j.cplett.2005.06.019,0,15,0.0
10.1016/j.cplett.2005.06.088,0,10,0.0
10.1016/j.cplett.2005.08.056,3,2,1.5
10.1016/j.cplett.2005.12.092,5,36,0.1388888888888889
10.1016/j.cplett.2005.12.098,0,26,0.0
10.1016/j.cplett.2006.03.073,3,37,0.08108108108108109
10.1016/j.cplett.2006.04.104,5,2,2.5
10.1016/j.cplett.2006.08.058,9,6,1.5
10.1016/j.cplett.2007.01.001,4,10,0.4
10.1016/j.cplett.2007.10.005,0,16,0.0
10.1016/j.cplett.2008.09.030,6,14,0.42857142857142855
10.1016/j.cplett.2009.04.028,0,4,0.0
10.1016/j.cplett.2009.07.075,0,8,0.0
10.1016/j.cplett.2010.01.058,0,11,0.0
10.1016/j.cplett.2010.01.066,0,7,0.0
10.1016/j.cplett.2010.11.037,0,3,0.0
10.1016/j.cplett.2012.03.108,4,4,1.0
10.1016/j.cplett.2016.10.020,5,4,1.25
10.1016/j.cplett.2017.07.038,0,64,0.0
10.1016/j.cplett.2018.08.017,0,7,0.0
10.1016/j.crci.2012.01.009,5,12,0.4166666666666667
10.1016/j.dyepig.2004.02.011,10,44,0.22727272727272727
10.1016/j.dyepig.2004.05.003,3,28,0.10714285714285714
10.1016/j.dyepig.2004.05.011,8,6,1.3333333333333333
10.1016/j.dyepig.2005.03.001,0,14,0.0
10.1016/j.dyepig.2006.01.001,5,12,0.4166666666666667
10.1016/j.dyepig.2006.09.010,0,2,0.0
10.1016/j.dyepig.2007.05.018,0,5,0.0
10.1016/j.dyepig.2007.11.003,3,40,0.075
10.1016/j.dyepig.2008.04.005,0,12,0.0
10.1016/j.dyepig.2008.10.003,0,5,0.0
10.1016/j.dyepig.2008.10.009,2,7,0.2857142857142857
10.1016/j.dyepig.2008.12.009,2,34,0.058823529411764705
10.1016/j.dyepig.2009.01.001,0,12,0.0
10.1016/j.dyepig.2009.04.006,0,11,0.0
10.1016/j.dyepig.2009.06.014,0,3,0.0
10.1016/j.dyepig.2009.11.009,5,6,0.8333333333333334
10.1016/j.dyepig.2010.01.011,0,9,0.0
10.1016/j.dyepig.2010.06.009,8,18,0.4444444444444444
10.1016/j.dyepig.2010.07.006,3,9,0.3333333333333333
10.1016/j.dyepig.2010.08.014,0,15,0.0
10.1016/j.dyepig.2011.05.004,0,18,0.0
10.1016/j.dyepig.2011.06.030,0,16,0.0
10.1016/j.dyepig.2011.08.018,2,20,0.1
10.1016/j.dyepig.2012.04.008,0,6,0.0
10.1016/j.dyepig.2012.04.009,0,13,0.0
10.1016/j.dyepig.2012.07.018,0,11,0.0
10.1016/j.dyepig.2012.08.028,3,4,0.75
10.1016/j.dyepig.2012.09.011,7,10,0.7
10.1016/j.dyepig.2012.09.012,0,12,0.0
10.1016/j.dyepig.2012.12.024,0,40,0.0
10.1016/j.dyepig.2012.12.031,10,20,0.5
10.1016/j.dyepig.2013.02.013,0,4,0.0
10.1016/j.dyepig.2013.08.002,0,9,0.0
10.1016/j.dyepig.2013.09.008,0,10,0.0
10.1016/j.dyepig.2013.10.031,0,16,0.0
10.1016/j.dyepig.2013.10.040,0,15,0.0
10.1016/j.dyepig.2013.11.002,0,8,0.0
10.1016/j.dyepig.2013.12.021,0,21,0.0
10.1016/j.dyepig.2014.01.022,0,17,0.0
10.1016/j.dyepig.2014.02.009,0,13,0.0
10.1016/j.dyepig.2014.03.031,0,10,0.0
10.1016/j.dyepig.2014.04.013,0,28,0.0
10.1016/j.dyepig.2014.04.019,0,4,0.0
10.1016/j.dyepig.2014.05.007,0,6,0.0
10.1016/j.dyepig.2014.05.022,0,6,0.0
10.1016/j.dyepig.2014.05.030,1,8,0.125
10.1016/j.dyepig.2014.05.035,0,33,0.0
10.1016/j.dyepig.2014.06.007,0,13,0.0
10.1016/j.dyepig.2014.06.021,0,15,0.0
10.1016/j.dyepig.2014.07.016,0,20,0.0
10.1016/j.dyepig.2014.07.018,0,11,0.0
10.1016/j.dyepig.2014.09.013,0,114,0.0
10.1016/j.dyepig.2014.12.019,0,18,0.0
10.1016/j.dyepig.2015.01.011,0,6,0.0
10.1016/j.dyepig.2015.03.004,0,4,0.0
10.1016/j.dyepig.2015.03.008,0,36,0.0
10.1016/j.dyepig.2015.03.023,0,36,0.0
10.1016/j.dyepig.2015.04.015,0,5,0.0
10.1016/j.dyepig.2015.04.018,0,16,0.0
10.1016/j.dyepig.2015.06.020,0,12,0.0
10.1016/j.dyepig.2015.06.025,0,10,0.0
10.1016/j.dyepig.2015.07.010,0,10,0.0
10.1016/j.dyepig.2015.08.013,0,35,0.0
10.1016/j.dyepig.2015.08.018,0,16,0.0
10.1016/j.dyepig.2015.09.013,0,36,0.0
10.1016/j.dyepig.2015.09.016,0,35,0.0
10.1016/j.dyepig.2015.10.014,0,6,0.0
10.1016/j.dyepig.2015.10.031,0,16,0.0
10.1016/j.dyepig.2015.11.014,0,70,0.0
10.1016/j.dyepig.2015.11.028,0,12,0.0
10.1016/j.dyepig.2015.12.026,0,52,0.0
10.1016/j.dyepig.2015.12.027,0,10,0.0
10.1016/j.dyepig.2016.02.023,0,8,0.0
10.1016/j.dyepig.2016.04.014,0,28,0.0
10.1016/j.dyepig.2016.07.036,0,1,0.0
10.1016/j.dyepig.2016.07.037,0,1,0.0
10.1016/j.dyepig.2016.07.038,0,1,0.0
10.1016/j.dyepig.2016.07.039,0,1,0.0
10.1016/j.dyepig.2016.07.040,0,1,0.0
10.1016/j.dyepig.2016.07.041,0,1,0.0
10.1016/j.dyepig.2016.07.042,0,1,0.0
10.1016/j.dyepig.2016.07.043,0,1,0.0
10.1016/j.dyepig.2016.07.044,0,1,0.0
10.1016/j.dyepig.2016.07.045,0,1,0.0
10.1016/j.dyepig.2016.07.046,0,1,0.0
10.1016/j.dyepig.2016.07.047,0,1,0.0
10.1016/j.dyepig.2016.07.048,0,1,0.0
10.1016/j.dyepig.2016.07.049,0,1,0.0
10.1016/j.dyepig.2016.07.050,0,1,0.0
10.1016/j.dyepig.2016.07.051,0,1,0.0
10.1016/j.dyepig.2016.07.052,0,1,0.0
10.1016/j.dyepig.2016.07.053,0,1,0.0
10.1016/j.dyepig.2016.07.054,0,1,0.0
10.1016/j.dyepig.2016.07.055,0,1,0.0
10.1016/j.dyepig.2016.07.056,0,1,0.0
10.1016/j.dyepig.2016.07.057,0,1,0.0
10.1016/j.dyepig.2016.07.058,0,1,0.0
10.1016/j.dyepig.2016.07.059,0,1,0.0
10.1016/j.dyepig.2016.07.060,0,1,0.0
10.1016/j.dyepig.2016.07.061,0,1,0.0
10.1016/j.dyepig.2016.07.062,0,1,0.0
10.1016/j.dyepig.2016.07.063,0,1,0.0
10.1016/j.dyepig.2016.07.064,0,1,0.0
10.1016/j.dyepig.2016.07.065,0,1,0.0
10.1016/j.dyepig.2016.07.066,0,1,0.0
10.1016/j.dyepig.2016.07.067,0,1,0.0
10.1016/j.dyepig.2016.07.068,0,1,0.0
10.1016/j.dyepig.2016.07.069,0,1,0.0
10.1016/j.dyepig.2016.07.070,0,1,0.0
10.1016/j.dyepig.2016.07.071,0,1,0.0
10.1016/j.dyepig.2016.07.072,0,1,0.0
10.1016/j.dyepig.2016.07.073,0,1,0.0
10.1016/j.dyepig.2016.07.074,0,1,0.0
10.1016/j.dyepig.2016.07.075,0,1,0.0
10.1016/j.dyepig.2016.07.076,0,1,0.0
10.1016/j.dyepig.2016.07.077,0,1,0.0
10.1016/j.dyepig.2016.07.078,0,1,0.0
10.1016/j.dyepig.2016.07.079,0,1,0.0
10.1016/j.dyepig.2016.07.080,0,1,0.0
10.1016/j.dyepig.2016.07.081,0,1,0.0
10.1016/j.dyepig.2016.07.082,0,1,0.0
10.1016/j.dyepig.2016.07.083,0,1,0.0
10.1016/j.dyepig.2016.07.084,0,1,0.0
10.1016/j.dyepig.2016.07.085,0,1,0.0
10.1016/j.dyepig.2016.07.086,0,1,0.0
10.1016/j.dyepig.2016.07.087,0,1,0.0
10.1016/j.dyepig.2016.07.088,0,1,0.0
10.1016/j.dyepig.2016.07.089,0,1,0.0
10.1016/j.dyepig.2016.07.090,0,1,0.0
10.1016/j.dyepig.2016.07.091,0,1,0.0
10.1016/j.dyepig.2016.07.092,0,1,0.0
10.1016/j.dyepig.2016.07.093,0,1,0.0
10.1016/j.dyepig.2016.07.094,0,1,0.0
10.1016/j.dyepig.2016.07.095,0,1,0.0
10.1016/j.dyepig.2016.07.096,0,1,0.0
10.1016/j.dyepig.2016.07.097,0,1,0.0
10.1016/j.dyepig.2016.07.098,0,1,0.0
10.1016/j.dyepig.2016.07.099,0,1,0.0
10.1016/j.dyepig.2016.07.100,0,1,0.0
10.1016/j.dyepig.2016.07.101,0,1,0.0
10.1016/j.dyepig.2016.07.102,0,1,0.0
10.1016/j.dyepig.2016.07.103,0,1,0.0
10.1016/j.dyepig.2016.07.104,0,1,0.0
10.1016/j.dyepig.2016.07.105,0,1,0.0
10.1016/j.dyepig.2016.07.106,0,1,0.0
10.1016/j.dyepig.2016.07.107,0,1,0.0
10.1016/j.dyepig.2016.07.108,0,1,0.0
10.1016/j.dyepig.2016.07.109,0,1,0.0
10.1016/j.dyepig.2016.07.110,0,1,0.0
10.1016/j.dyepig.2016.07.111,0,1,0.0
10.1016/j.dyepig.2016.07.112,0,1,0.0
10.1016/j.dyepig.2016.07.113,0,1,0.0
10.1016/j.dyepig.2016.07.114,0,1,0.0
10.1016/j.dyepig.2016.07.115,0,1,0.0
10.1016/j.dyepig.2016.08.012,0,48,0.0
10.1016/j.dyepig.2016.08.015,0,35,0.0
10.1016/j.dyepig.2016.08.046,0,22,0.0
10.1016/j.dyepig.2016.08.049,0,24,0.0
10.1016/j.dyepig.2016.09.009,0,10,0.0
10.1016/j.dyepig.2016.09.034,0,13,0.0
10.1016/j.dyepig.2016.09.051,0,6,0.0
10.1016/j.dyepig.2016.09.056,0,54,0.0
10.1016/j.dyepig.2016.10.015,0,15,0.0
10.1016/j.dyepig.2016.10.021,0,10,0.0
10.1016/j.dyepig.2016.11.056,0,40,0.0
10.1016/j.dyepig.2017.01.010,0,10,0.0
10.1016/j.dyepig.2017.01.050,0,20,0.0
10.1016/j.dyepig.2017.02.005,0,13,0.0
10.1016/j.dyepig.2017.03.004,0,3,0.0
10.1016/j.dyepig.2017.03.031,0,16,0.0
10.1016/j.dyepig.2017.03.069,0,2,0.0
10.1016/j.dyepig.2017.04.035,0,15,0.0
10.1016/j.dyepig.2017.05.024,0,35,0.0
10.1016/j.dyepig.2017.05.055,0,2,0.0
10.1016/j.dyepig.2017.06.014,0,2,0.0
10.1016/j.dyepig.2017.07.009,0,2,0.0
10.1016/j.dyepig.2017.07.017,0,4,0.0
10.1016/j.dyepig.2017.07.055,0,11,0.0
10.1016/j.dyepig.2017.07.069,0,48,0.0
10.1016/j.dyepig.2017.08.035,0,10,0.0
10.1016/j.dyepig.2017.09.003,0,4,0.0
10.1016/j.dyepig.2017.09.060,0,20,0.0
10.1016/j.dyepig.2017.10.018,0,42,0.0
10.1016/j.dyepig.2017.11.002,0,14,0.0
10.1016/j.dyepig.2017.11.009,0,9,0.0
10.1016/j.dyepig.2017.11.020,0,2,0.0
10.1016/j.dyepig.2017.11.038,0,15,0.0
10.1016/j.dyepig.2018.01.004,0,12,0.0
10.1016/j.dyepig.2018.01.043,0,100,0.0
10.1016/j.dyepig.2018.02.005,0,3,0.0
10.1016/j.dyepig.2018.02.007,0,10,0.0
10.1016/j.dyepig.2018.02.012,0,6,0.0
10.1016/j.dyepig.2018.02.014,0,23,0.0
10.1016/j.dyepig.2018.02.016,0,7,0.0
10.1016/j.dyepig.2018.03.043,0,4,0.0
10.1016/j.dyepig.2018.03.059,0,18,0.0
10.1016/j.dyepig.2018.03.066,0,4,0.0
10.1016/j.dyepig.2018.04.037,0,6,0.0
10.1016/j.dyepig.2018.04.054,0,2,0.0
10.1016/j.dyepig.2018.04.059,0,36,0.0
10.1016/j.dyepig.2018.04.069,0,8,0.0
10.1016/j.dyepig.2018.04.070,0,12,0.0
10.1016/j.dyepig.2018.05.017,0,7,0.0
10.1016/j.dyepig.2018.05.038,0,14,0.0
10.1016/j.dyepig.2018.05.049,0,21,0.0
10.1016/j.dyepig.2018.05.065,0,4,0.0
10.1016/j.dyepig.2018.06.020,0,49,0.0
10.1016/j.dyepig.2018.06.040,0,8,0.0
10.1016/j.dyepig.2018.07.027,0,24,0.0
10.1016/j.dyepig.2018.07.052,0,6,0.0
10.1016/j.dyepig.2018.09.005,0,21,0.0
10.1016/j.dyepig.2018.09.009,0,32,0.0
10.1016/j.dyepig.2018.09.069,0,6,0.0
10.1016/j.dyepig.2018.10.006,0,2,0.0
10.1016/j.dyepig.2018.10.016,0,24,0.0
10.1016/j.dyepig.2018.10.064,0,15,0.0
10.1016/j.dyepig.2018.10.073,0,4,0.0
10.1016/j.dyepig.2018.11.012,0,6,0.0
10.1016/j.dyepig.2018.11.032,0,2,0.0
10.1016/j.dyepig.2018.12.067,0,18,0.0
10.1016/j.dyepig.2019.01.010,0,7,0.0
10.1016/j.dyepig.2019.01.012,0,4,0.0
10.1016/j.dyepig.2019.01.019,0,28,0.0
10.1016/j.dyepig.2019.01.038,0,25,0.0
10.1016/j.dyepig.2019.02.051,0,95,0.0
10.1016/j.dyepig.2019.03.016,0,6,0.0
10.1016/j.dyepig.2019.03.028,0,16,0.0
10.1016/j.dyepig.2019.03.031,0,6,0.0
10.1016/j.dyepig.2019.04.015,0,14,0.0
10.1016/j.dyepig.2019.04.028,0,64,0.0
10.1016/j.dyepig.2019.04.033,0,3,0.0
10.1016/j.dyepig.2019.05.015,0,24,0.0
10.1016/j.dyepig.2019.107556,0,16,0.0
10.1016/j.dyepig.2019.107580,0,29,0.0
10.1016/j.dyepig.2019.107582,0,12,0.0
10.1016/j.dyepig.2019.107635,0,1,0.0
10.1016/j.dyepig.2019.107802,0,40,0.0
10.1016/j.dyepig.2019.107864,0,8,0.0
10.1016/j.dyepig.2019.107898,0,6,0.0
10.1016/j.dyepig.2019.107917,0,79,0.0
10.1016/j.dyepig.2019.107926,0,3,0.0
10.1016/j.dyepig.2019.107958,0,3,0.0
10.1016/j.ece.2018.06.002,0,2,0.0
10.1016/j.ejmech.2013.03.042,0,36,0.0
10.1016/j.ejmech.2017.04.051,0,8,0.0
10.1016/j.ejmech.2018.02.016,0,6,0.0
10.1016/j.ejmech.2018.10.005,0,12,0.0
10.1016/j.electacta.2013.02.113,0,5,0.0
10.1016/j.ica.2006.08.026,0,10,0.0
10.1016/j.ica.2013.05.034,0,5,0.0
10.1016/j.inoche.2015.10.029,0,3,0.0
10.1016/j.jfluchem.2011.06.018,0,14,0.0
10.1016/j.jfluchem.2015.07.006,0,18,0.0
10.1016/j.jfluchem.2019.01.008,0,15,0.0
10.1016/j.jfluchem.2019.03.005,0,17,0.0
10.1016/j.jlumin.2006.01.257,3,6,0.5
10.1016/j.jlumin.2009.05.003,0,1,0.0
10.1016/j.jlumin.2010.02.036,0,10,0.0
10.1016/j.jlumin.2010.07.004,1,10,0.1
10.1016/j.jlumin.2011.04.008,7,21,0.3333333333333333
10.1016/j.jlumin.2011.05.048,7,7,1.0
10.1016/j.jlumin.2011.11.017,0,10,0.0
10.1016/j.jlumin.2012.05.017,0,12,0.0
10.1016/j.jlumin.2012.07.028,0,16,0.0
10.1016/j.jlumin.2012.10.021,6,6,1.0
10.1016/j.jlumin.2013.06.021,0,32,0.0
10.1016/j.jlumin.2013.07.066,0,40,0.0
10.1016/j.jlumin.2014.02.002,0,8,0.0
10.1016/j.jlumin.2014.02.025,0,9,0.0
10.1016/j.jlumin.2014.03.046,0,15,0.0
10.1016/j.jlumin.2014.07.025,0,10,0.0
10.1016/j.jlumin.2014.10.045,0,14,0.0
10.1016/j.jlumin.2015.06.030,0,5,0.0
10.1016/j.jlumin.2015.06.048,0,14,0.0
10.1016/j.jlumin.2015.11.012,0,10,0.0
10.1016/j.jlumin.2015.12.050,0,6,0.0
10.1016/j.jlumin.2016.02.011,0,9,0.0
10.1016/j.jlumin.2016.03.017,0,20,0.0
10.1016/j.jlumin.2016.07.031,0,14,0.0
10.1016/j.jlumin.2017.02.057,0,6,0.0
10.1016/j.jlumin.2017.03.042,0,26,0.0
10.1016/j.jlumin.2017.05.037,0,1,0.0
10.1016/j.jlumin.2017.11.023,0,11,0.0
10.1016/j.jlumin.2018.02.007,0,102,0.0
10.1016/j.jlumin.2018.02.037,0,6,0.0
10.1016/j.jlumin.2018.05.059,0,48,0.0
10.1016/j.jlumin.2018.06.070,0,10,0.0
10.1016/j.jlumin.2018.08.011,0,15,0.0
10.1016/j.jlumin.2018.09.001,0,20,0.0
10.1016/j.jlumin.2018.09.024,0,3,0.0
10.1016/j.jlumin.2018.10.013,0,5,0.0
10.1016/j.jlumin.2018.10.017,0,12,0.0
10.1016/j.jlumin.2018.10.018,0,24,0.0
10.1016/j.jlumin.2018.12.059,10,27,0.37037037037037035
10.1016/j.jlumin.2019.03.058,0,13,0.0
10.1016/j.jlumin.2019.116547,0,6,0.0
10.1016/j.jorganchem.2003.12.038,6,10,0.6
10.1016/j.jorganchem.2018.04.026,0,2,0.0
10.1016/j.jorganchem.2019.04.008,0,24,0.0
10.1016/j.jphotobiol.2008.12.008,4,6,0.6666666666666666
10.1016/j.jphotobiol.2013.04.006,0,6,0.0
10.1016/j.jphotobiol.2015.02.006,0,31,0.0
10.1016/j.jphotobiol.2016.12.004,0,8,0.0
10.1016/j.jphotobiol.2017.12.006,0,14,0.0
10.1016/j.jphotochem.2004.01.020,9,17,0.5294117647058824
10.1016/j.jphotochem.2004.06.003,0,5,0.0
10.1016/j.jphotochem.2004.07.011,0,16,0.0
10.1016/j.jphotochem.2004.08.001,2,7,0.2857142857142857
10.1016/j.jphotochem.2004.08.015,7,48,0.14583333333333334
10.1016/j.jphotochem.2004.08.022,7,4,1.75
10.1016/j.jphotochem.2004.12.008,0,12,0.0
10.1016/j.jphotochem.2005.04.024,7,12,0.5833333333333334
10.1016/j.jphotochem.2005.04.034,0,39,0.0
10.1016/j.jphotochem.2005.04.035,15,5,3.0
10.1016/j.jphotochem.2005.05.029,0,32,0.0
10.1016/j.jphotochem.2005.11.004,4,12,0.3333333333333333
10.1016/j.jphotochem.2006.02.028,5,7,0.7142857142857143
10.1016/j.jphotochem.2006.03.020,0,29,0.0
10.1016/j.jphotochem.2006.04.036,0,12,0.0
10.1016/j.jphotochem.2006.08.010,0,13,0.0
10.1016/j.jphotochem.2006.11.014,0,12,0.0
10.1016/j.jphotochem.2007.02.008,6,9,0.6666666666666666
10.1016/j.jphotochem.2007.08.029,0,15,0.0
10.1016/j.jphotochem.2007.11.004,0,15,0.0
10.1016/j.jphotochem.2008.02.022,0,20,0.0
10.1016/j.jphotochem.2008.06.014,12,21,0.5714285714285714
10.1016/j.jphotochem.2008.09.008,6,64,0.09375
10.1016/j.jphotochem.2009.01.003,0,4,0.0
10.1016/j.jphotochem.2010.12.021,0,12,0.0
10.1016/j.jphotochem.2011.05.013,0,3,0.0
10.1016/j.jphotochem.2012.01.011,0,5,0.0
10.1016/j.jphotochem.2012.04.011,0,50,0.0
10.1016/j.jphotochem.2012.05.006,0,7,0.0
10.1016/j.jphotochem.2012.10.002,0,9,0.0
10.1016/j.jphotochem.2013.05.009,0,7,0.0
10.1016/j.jphotochem.2013.07.018,0,66,0.0
10.1016/j.jphotochem.2013.11.014,0,21,0.0
10.1016/j.jphotochem.2014.02.013,0,28,0.0
10.1016/j.jphotochem.2014.06.003,0,14,0.0
10.1016/j.jphotochem.2014.07.005,0,34,0.0
10.1016/j.jphotochem.2014.09.009,0,14,0.0
10.1016/j.jphotochem.2014.10.013,0,20,0.0
10.1016/j.jphotochem.2015.07.006,0,6,0.0
10.1016/j.jphotochem.2015.12.006,0,57,0.0
10.1016/j.jphotochem.2016.01.014,0,36,0.0
10.1016/j.jphotochem.2016.03.023,0,71,0.0
10.1016/j.jphotochem.2016.05.009,0,43,0.0
10.1016/j.jphotochem.2016.07.015,0,7,0.0
10.1016/j.jphotochem.2016.08.008,0,3,0.0
10.1016/j.jphotochem.2016.09.027,0,12,0.0
10.1016/j.jphotochem.2016.12.021,0,10,0.0
10.1016/j.jphotochem.2017.03.008,0,12,0.0
10.1016/j.jphotochem.2017.05.025,0,20,0.0
10.1016/j.jphotochem.2017.05.039,0,3,0.0
10.1016/j.jphotochem.2017.07.026,7,11,0.6363636363636364
10.1016/j.jphotochem.2017.07.045,0,8,0.0
10.1016/j.jphotochem.2017.08.061,0,12,0.0
10.1016/j.jphotochem.2017.08.069,0,14,0.0
10.1016/j.jphotochem.2017.09.026,0,3,0.0
10.1016/j.jphotochem.2017.10.010,0,70,0.0
10.1016/j.jphotochem.2017.10.014,0,8,0.0
10.1016/j.jphotochem.2017.12.018,0,4,0.0
10.1016/j.jphotochem.2018.03.009,0,10,0.0
10.1016/j.jphotochem.2018.03.012,0,4,0.0
10.1016/j.jphotochem.2018.04.043,0,9,0.0
10.1016/j.jphotochem.2018.05.012,0,6,0.0
10.1016/j.jphotochem.2018.05.039,0,24,0.0
10.1016/j.jphotochem.2018.08.022,0,8,0.0
10.1016/j.jphotochem.2018.09.013,0,11,0.0
10.1016/j.jphotochem.2018.10.047,0,18,0.0
10.1016/j.jphotochem.2018.11.022,0,9,0.0
10.1016/j.jphotochem.2018.12.035,0,4,0.0
10.1016/j.jphotochem.2019.02.013,0,34,0.0
10.1016/j.jphotochem.2019.03.021,0,95,0.0
10.1016/j.jphotochem.2019.04.011,3,18,0.16666666666666666
10.1016/j.jphotochem.2019.112027,0,27,0.0
10.1016/j.jphotochem.2019.112073,0,7,0.0
10.1016/j.jqsrt.2010.09.001,2,33,0.06060606060606061
10.1016/j.jscs.2011.07.001,0,4,0.0
10.1016/j.matpr.2018.06.517,0,8,0.0
10.1016/j.mencom.2018.01.002,3,6,0.5
10.1016/j.molliq.2005.02.004,0,9,0.0
10.1016/j.molliq.2011.09.014,6,2,3.0
10.1016/j.molliq.2013.03.018,0,6,0.0
10.1016/j.molliq.2014.02.029,12,22,0.5454545454545454
10.1016/j.molliq.2016.07.133,0,12,0.0
10.1016/j.molliq.2016.09.115,0,15,0.0
10.1016/j.molliq.2017.07.070,0,84,0.0
10.1016/j.molliq.2017.10.051,0,4,0.0
10.1016/j.molliq.2018.04.083,0,8,0.0
10.1016/j.molliq.2018.07.005,0,60,0.0
10.1016/j.molliq.2018.09.094,0,60,0.0
10.1016/j.molliq.2018.11.033,0,3,0.0
10.1016/j.molliq.2019.04.058,0,9,0.0
10.1016/j.molliq.2019.04.102,0,28,0.0
10.1016/j.molliq.2019.04.133,0,28,0.0
10.1016/j.molstruc.2003.10.028,6,6,1.0
10.1016/j.molstruc.2004.04.005,0,2,0.0
10.1016/j.molstruc.2005.06.010,0,12,0.0
10.1016/j.molstruc.2006.01.038,0,9,0.0
10.1016/j.molstruc.2010.08.016,2,23,0.08695652173913043
10.1016/j.molstruc.2011.12.043,0,105,0.0
10.1016/j.molstruc.2013.07.031,0,8,0.0
10.1016/j.molstruc.2014.03.044,0,24,0.0
10.1016/j.molstruc.2014.09.028,0,12,0.0
10.1016/j.molstruc.2015.03.036,0,16,0.0
10.1016/j.molstruc.2015.05.048,0,15,0.0
10.1016/j.molstruc.2015.07.010,0,9,0.0
10.1016/j.molstruc.2015.11.081,0,10,0.0
10.1016/j.molstruc.2016.02.009,0,113,0.0
10.1016/j.molstruc.2016.02.036,0,15,0.0
10.1016/j.molstruc.2016.03.016,0,4,0.0
10.1016/j.molstruc.2016.08.081,0,10,0.0
10.1016/j.molstruc.2016.08.085,0,10,0.0
10.1016/j.molstruc.2017.06.079,0,10,0.0
10.1016/j.molstruc.2017.07.010,0,9,0.0
10.1016/j.molstruc.2017.07.089,0,30,0.0
10.1016/j.molstruc.2017.12.059,0,5,0.0
10.1016/j.molstruc.2019.02.025,0,16,0.0
10.1016/j.molstruc.2019.03.063,0,20,0.0
10.1016/j.molstruc.2019.07.021,0,3,0.0
10.1016/j.molstruc.2019.07.036,0,14,0.0
10.1016/j.molstruc.2019.126984,0,7,0.0
10.1016/j.molstruc.2019.127032,0,72,0.0
10.1016/j.nanoen.2019.02.067,0,1,0.0
10.1016/j.omx.2019.100013,0,12,0.0
10.1016/j.optlastec.2011.02.002,0,14,0.0
10.1016/j.optmat.2004.02.022,8,15,0.5333333333333333
10.1016/j.optmat.2013.11.017,0,12,0.0
10.1016/j.optmat.2013.12.047,0,28,0.0
10.1016/j.optmat.2017.11.019,0,6,0.0
10.1016/j.optmat.2017.12.034,0,40,0.0
10.1016/j.optmat.2018.01.031,0,35,0.0
10.1016/j.optmat.2018.05.063,0,9,0.0
10.1016/j.optmat.2019.01.009,0,3,0.0
10.1016/j.optmat.2019.04.011,0,24,0.0
10.1016/j.optmat.2019.05.040,0,6,0.0
10.1016/j.optmat.2019.109328,0,16,0.0
10.1016/j.orgel.2010.02.009,0,14,0.0
10.1016/j.orgel.2015.02.014,0,2,0.0
10.1016/j.orgel.2015.08.029,0,4,0.0
10.1016/j.orgel.2015.12.001,0,3,0.0
10.1016/j.orgel.2016.04.009,0,8,0.0
10.1016/j.orgel.2016.04.030,0,15,0.0
10.1016/j.orgel.2016.09.002,0,1,0.0
10.1016/j.orgel.2018.06.046,0,4,0.0
10.1016/j.orgel.2018.07.014,0,2,0.0
10.1016/j.orgel.2018.08.022,0,8,0.0
10.1016/j.orgel.2019.02.001,0,3,0.0
10.1016/j.orgel.2019.04.034,0,2,0.0
10.1016/j.orgel.2019.06.041,0,12,0.0
10.1016/j.orgel.2019.07.024,0,8,0.0
10.1016/j.orgel.2019.105404,0,8,0.0
10.1016/j.saa.2003.12.020,0,4,0.0
10.1016/j.saa.2004.06.035,8,25,0.32
10.1016/j.saa.2005.05.008,6,11,0.5454545454545454
10.1016/j.saa.2006.12.057,3,60,0.05
10.1016/j.saa.2007.03.018,2,5,0.4
10.1016/j.saa.2008.02.049,0,8,0.0
10.1016/j.saa.2008.04.011,0,8,0.0
10.1016/j.saa.2009.01.001,4,24,0.16666666666666666
10.1016/j.saa.2009.02.029,3,18,0.16666666666666666
10.1016/j.saa.2009.03.004,8,25,0.32
10.1016/j.saa.2009.03.026,10,30,0.3333333333333333
10.1016/j.saa.2009.06.027,0,2,0.0
10.1016/j.saa.2009.08.010,0,5,0.0
10.1016/j.saa.2011.02.003,6,39,0.15384615384615385
10.1016/j.saa.2011.04.029,0,3,0.0
10.1016/j.saa.2011.06.011,0,10,0.0
10.1016/j.saa.2011.07.083,0,15,0.0
10.1016/j.saa.2011.09.018,0,4,0.0
10.1016/j.saa.2011.09.038,0,1,0.0
10.1016/j.saa.2011.12.060,0,30,0.0
10.1016/j.saa.2012.02.087,0,5,0.0
10.1016/j.saa.2012.04.046,0,2,0.0
10.1016/j.saa.2012.04.077,0,14,0.0
10.1016/j.saa.2012.04.090,0,16,0.0
10.1016/j.saa.2012.06.017,0,7,0.0
10.1016/j.saa.2012.08.008,2,3,0.6666666666666666
10.1016/j.saa.2012.09.046,0,24,0.0
10.1016/j.saa.2012.10.005,8,24,0.3333333333333333
10.1016/j.saa.2012.10.013,0,15,0.0
10.1016/j.saa.2012.12.086,0,9,0.0
10.1016/j.saa.2013.07.041,0,3,0.0
10.1016/j.saa.2013.07.073,0,16,0.0
10.1016/j.saa.2013.09.056,0,7,0.0
10.1016/j.saa.2014.01.006,0,9,0.0
10.1016/j.saa.2014.01.120,0,10,0.0
10.1016/j.saa.2014.09.080,0,22,0.0
10.1016/j.saa.2014.10.039,0,24,0.0
10.1016/j.saa.2014.10.040,0,4,0.0
10.1016/j.saa.2015.11.034,2,12,0.16666666666666666
10.1016/j.saa.2016.03.042,0,16,0.0
10.1016/j.saa.2016.07.027,0,20,0.0
10.1016/j.saa.2016.08.006,0,34,0.0
10.1016/j.saa.2016.10.045,0,24,0.0
10.1016/j.saa.2016.11.028,0,9,0.0
10.1016/j.saa.2016.12.035,0,35,0.0
10.1016/j.saa.2017.07.057,0,15,0.0
10.1016/j.saa.2018.03.048,0,40,0.0
10.1016/j.saa.2018.05.080,0,1,0.0
10.1016/j.saa.2018.05.101,0,44,0.0
10.1016/j.saa.2018.10.053,0,2,0.0
10.1016/j.saa.2018.10.055,0,5,0.0
10.1016/j.saa.2018.11.061,0,20,0.0
10.1016/j.saa.2019.03.043,0,13,0.0
10.1016/j.saa.2019.05.031,0,40,0.0
10.1016/j.snb.2006.10.066,0,47,0.0
10.1016/j.snb.2008.03.006,4,7,0.5714285714285714
10.1016/j.snb.2011.03.020,0,18,0.0
10.1016/j.snb.2012.09.049,0,10,0.0
10.1016/j.snb.2017.12.097,0,18,0.0
10.1016/j.snb.2018.08.075,0,35,0.0
10.1016/j.snb.2018.10.043,0,2,0.0
10.1016/j.snb.2019.01.102,9,8,1.125
10.1016/j.talanta.2018.12.100,0,3,0.0
10.1016/j.tet.2007.01.075,6,8,0.75
10.1016/j.tet.2007.09.042,0,30,0.0
10.1016/j.tet.2007.12.029,0,11,0.0
10.1016/j.tet.2009.08.027,7,5,1.4
10.1016/j.tet.2009.09.077,0,4,0.0
10.1016/j.tet.2010.05.088,0,18,0.0
10.1016/j.tet.2010.09.014,0,22,0.0
10.1016/j.tet.2011.03.016,0,7,0.0
10.1016/j.tet.2011.07.018,7,8,0.875
10.1016/j.tet.2011.10.092,0,6,0.0
10.1016/j.tet.2011.11.070,0,90,0.0
10.1016/j.tet.2011.11.074,0,9,0.0
10.1016/j.tet.2011.12.066,0,6,0.0
10.1016/j.tet.2012.01.093,0,16,0.0
10.1016/j.tet.2012.04.052,0,16,0.0
10.1016/j.tet.2012.05.072,7,34,0.20588235294117646
10.1016/j.tet.2012.08.084,0,4,0.0
10.1016/j.tet.2012.12.057,0,9,0.0
10.1016/j.tet.2013.01.037,6,3,2.0
10.1016/j.tet.2013.02.083,0,10,0.0
10.1016/j.tet.2013.05.010,0,4,0.0
10.1016/j.tet.2014.01.020,0,4,0.0
10.1016/j.tet.2014.06.031,0,18,0.0
10.1016/j.tet.2014.11.047,0,16,0.0
10.1016/j.tet.2015.06.040,0,3,0.0
10.1016/j.tet.2015.07.068,0,4,0.0
10.1016/j.tet.2015.07.074,0,8,0.0
10.1016/j.tet.2016.03.028,0,2,0.0
10.1016/j.tet.2016.12.001,0,20,0.0
10.1016/j.tet.2017.01.058,0,8,0.0
10.1016/j.tet.2017.02.049,0,24,0.0
10.1016/j.tet.2017.03.075,0,20,0.0
10.1016/j.tet.2017.06.031,0,2,0.0
10.1016/j.tet.2017.08.023,0,14,0.0
10.1016/j.tet.2017.12.006,0,8,0.0
10.1016/j.tet.2018.03.072,0,5,0.0
10.1016/j.tet.2018.08.019,0,20,0.0
10.1016/j.tet.2019.03.044,0,7,0.0
10.1016/j.tet.2019.04.034,0,18,0.0
10.1016/j.tet.2019.130465,0,22,0.0
10.1016/j.tet.2019.130638,0,14,0.0
10.1016/j.tetlet.2004.06.072,4,38,0.10526315789473684
10.1016/j.tetlet.2005.05.031,0,8,0.0
10.1016/j.tetlet.2007.06.122,0,6,0.0
10.1016/j.tetlet.2007.08.086,2,8,0.25
10.1016/j.tetlet.2007.11.164,0,2,0.0
10.1016/j.tetlet.2009.09.116,0,9,0.0
10.1016/j.tetlet.2009.10.118,7,14,0.5
10.1016/j.tetlet.2010.11.053,4,12,0.3333333333333333
10.1016/j.tetlet.2011.02.088,5,9,0.5555555555555556
10.1016/j.tetlet.2011.08.111,5,8,0.625
10.1016/j.tetlet.2011.09.058,0,19,0.0
10.1016/j.tetlet.2011.09.077,3,16,0.1875
10.1016/j.tetlet.2011.10.074,0,8,0.0
10.1016/j.tetlet.2012.01.116,4,4,1.0
10.1016/j.tetlet.2013.01.096,2,15,0.13333333333333333
10.1016/j.tetlet.2013.02.063,0,26,0.0
10.1016/j.tetlet.2013.04.037,0,27,0.0
10.1016/j.tetlet.2013.07.119,0,1,0.0
10.1016/j.tetlet.2013.10.071,0,5,0.0
10.1016/j.tetlet.2014.04.072,0,19,0.0
10.1016/j.tetlet.2014.07.120,0,8,0.0
10.1016/j.tetlet.2014.10.116,0,40,0.0
10.1016/j.tetlet.2015.02.097,0,15,0.0
10.1016/j.tetlet.2015.08.049,0,4,0.0
10.1016/j.tetlet.2016.03.011,4,2,2.0
10.1016/j.tetlet.2016.08.053,0,8,0.0
10.1016/j.tetlet.2016.08.072,0,4,0.0
10.1016/j.tetlet.2017.06.059,0,2,0.0
10.1016/j.tetlet.2017.10.034,0,5,0.0
10.1016/j.tetlet.2018.01.084,0,2,0.0
10.1016/j.tetlet.2018.02.075,3,24,0.125
10.1016/j.tetlet.2018.06.064,0,10,0.0
10.1016/j.tetlet.2018.10.003,5,4,1.25
10.1016/j.tetlet.2019.03.029,0,57,0.0
10.1016/j.tetlet.2019.05.052,0,35,0.0
10.1016/j.theochem.2004.11.058,0,4,0.0
10.1016/j.theochem.2005.09.005,3,10,0.3
10.1021/ac062160k,3,15,0.2
10.1021/ac980018g,0,6,0.0
10.1021/acs.chemmater.5b00094,0,14,0.0
10.1021/acs.chemmater.5b00568,0,4,0.0
10.1021/acs.chemmater.5b02685,0,14,0.0
10.1021/acs.chemmater.5b03245,0,4,0.0
10.1021/acs.chemmater.6b01484,0,2,0.0
10.1021/acs.chemmater.6b01691,0,21,0.0
10.1021/acs.chemmater.6b03518,0,12,0.0
10.1021/acs.chemmater.6b03979,0,10,0.0
10.1021/acs.chemmater.7b00450,0,6,0.0
10.1021/acs.chemmater.7b02403,0,12,0.0
10.1021/acs.chemmater.7b02606,0,2,0.0
10.1021/acs.chemmater.7b02964,0,9,0.0
10.1021/acs.chemmater.7b03490,4,12,0.3333333333333333
10.1021/acs.chemmater.7b04437,0,5,0.0
10.1021/acs.chemmater.8b01207,5,4,1.25
10.1021/acs.chemmater.8b02632,0,6,0.0
10.1021/acs.inorgchem.7b00658,0,12,0.0
10.1021/acs.joc.5b00077,0,12,0.0
10.1021/acs.joc.5b00242,0,5,0.0
10.1021/acs.joc.5b00541,8,25,0.32
10.1021/acs.joc.5b00577,0,8,0.0
10.1021/acs.joc.5b00618,0,12,0.0
10.1021/acs.joc.5b01339,7,13,0.5384615384615384
10.1021/acs.joc.5b01409,0,85,0.0
10.1021/acs.joc.5b01496,2,20,0.1
10.1021/acs.joc.5b01692,0,5,0.0
10.1021/acs.joc.5b01958,0,18,0.0
10.1021/acs.joc.5b01987,0,30,0.0
10.1021/acs.joc.5b02189,0,8,0.0
10.1021/acs.joc.5b02423,0,21,0.0
10.1021/acs.joc.5b02720,0,7,0.0
10.1021/acs.joc.6b00126,0,3,0.0
10.1021/acs.joc.6b00364,0,5,0.0
10.1021/acs.joc.6b00414,0,138,0.0
10.1021/acs.joc.6b00541,0,4,0.0
10.1021/acs.joc.6b00835,0,4,0.0
10.1021/acs.joc.6b00981,5,8,0.625
10.1021/acs.joc.6b01018,0,18,0.0
10.1021/acs.joc.6b01209,0,8,0.0
10.1021/acs.joc.6b01326,0,15,0.0
10.1021/acs.joc.6b0150,0,3,0.0
10.1021/acs.joc.6b01569,0,23,0.0
10.1021/acs.joc.6b01654,0,17,0.0
10.1021/acs.joc.6b01662,0,6,0.0
10.1021/acs.joc.6b01969,0,133,0.0
10.1021/acs.joc.6b01998,0,52,0.0
10.1021/acs.joc.6b02094,0,11,0.0
10.1021/acs.joc.6b02291,0,25,0.0
10.1021/acs.joc.6b02581,0,36,0.0
10.1021/acs.joc.6b02732,0,8,0.0
10.1021/acs.joc.6b02941,0,21,0.0
10.1021/acs.joc.6b02981,3,4,0.75
10.1021/acs.joc.7b00315,0,14,0.0
10.1021/acs.joc.7b00358,0,13,0.0
10.1021/acs.joc.7b00685,0,10,0.0
10.1021/acs.joc.7b00939,0,7,0.0
10.1021/acs.joc.7b01001,0,32,0.0
10.1021/acs.joc.7b01153,0,8,0.0
10.1021/acs.joc.7b01260,0,12,0.0
10.1021/acs.joc.7b01803,0,8,0.0
10.1021/acs.joc.7b02127,0,7,0.0
10.1021/acs.joc.7b02239,0,35,0.0
10.1021/acs.joc.7b02286,0,4,0.0
10.1021/acs.joc.7b02834,0,6,0.0
10.1021/acs.joc.7b03008,6,9,0.6666666666666666
10.1021/acs.joc.7b03035,0,12,0.0
10.1021/acs.joc.7b03227,0,12,0.0
10.1021/acs.joc.8b00033,0,8,0.0
10.1021/acs.joc.8b00311,0,6,0.0
10.1021/acs.joc.8b00664,0,7,0.0
10.1021/acs.joc.8b00891,0,12,0.0
10.1021/acs.joc.8b01049,0,24,0.0
10.1021/acs.joc.8b01429,0,35,0.0
10.1021/acs.joc.8b01451,0,41,0.0
10.1021/acs.joc.8b01653,0,152,0.0
10.1021/acs.joc.8b01924,0,75,0.0
10.1021/acs.joc.8b02098,0,35,0.0
10.1021/acs.joc.8b02280,0,26,0.0
10.1021/acs.joc.8b02301,0,10,0.0
10.1021/acs.joc.8b02933,0,43,0.0
10.1021/acs.joc.8b02942,0,16,0.0
10.1021/acs.joc.8b03083,0,19,0.0
10.1021/acs.joc.9b00020,0,23,0.0
10.1021/acs.joc.9b00207,0,5,0.0
10.1021/acs.joc.9b00378,0,4,0.0
10.1021/acs.joc.9b00398,0,18,0.0
10.1021/acs.joc.9b00517,0,21,0.0
10.1021/acs.joc.9b00603,0,16,0.0
10.1021/acs.joc.9b00800,8,8,1.0
10.1021/acs.joc.9b01131,0,11,0.0
10.1021/acs.joc.9b01223,0,18,0.0
10.1021/acs.joc.9b01425,0,95,0.0
10.1021/acs.joc.9b01502,0,10,0.0
10.1021/acs.joc.9b01654,0,15,0.0
10.1021/acs.joc.9b01685,0,6,0.0
10.1021/acs.joc.9b01849,0,30,0.0
10.1021/acs.joc.9b02283,0,12,0.0
10.1021/acs.joc.9b02379,0,11,0.0
10.1021/acs.joc.9b02383,0,8,0.0
10.1021/acs.joc.9b02523,2,5,0.4
10.1021/acs.joc.9b02756,0,14,0.0
10.1021/acs.joc.9b02857,5,7,0.7142857142857143
10.1021/acs.joc.9b0299,0,3,0.0
10.1021/acs.joc.9b03327,0,16,0.0
10.1021/acs.jpca.5b00688,0,2,0.0
10.1021/acs.jpca.5b03238,0,6,0.0
10.1021/acs.jpca.8b09689,0,12,0.0
10.1021/acs.jpcb.5b09905,0,2,0.0
10.1021/acs.jpcb.6b05854,0,2,0.0
10.1021/acs.jpcb.7b02715,0,6,0.0
10.1021/acs.jpcb.7b03611,0,6,0.0
10.1021/acs.jpcb.9b01295,0,8,0.0
10.1021/acs.jpcc.5b09826,0,18,0.0
10.1021/acs.jpcc.5b10163,0,18,0.0
10.1021/acs.jpcc.6b07290,0,22,0.0
10.1021/acs.jpcc.6b10854,0,6,0.0
10.1021/acs.jpcc.7b02125,0,4,0.0
10.1021/acs.jpcc.8b03895,0,4,0.0
10.1021/acs.jpcc.8b07083,0,30,0.0
10.1021/acs.jpcc.8b08329,0,6,0.0
10.1021/acs.jpcc.8b08604,0,1,0.0
10.1021/acs.jpcc.8b11100,0,15,0.0
10.1021/acs.jpcc.8b11144,0,2,0.0
10.1021/acs.jpcc.8b11254,0,6,0.0
10.1021/acs.jpcc.8b12248,0,10,0.0
10.1021/acs.jpcc.9b05736,0,25,0.0
10.1021/acs.jpcc.9b05875,0,6,0.0
10.1021/acs.jpcc.9b08478,0,2,0.0
10.1021/acs.jpcc.9b08479,0,8,0.0
10.1021/acs.jpcc.9b08524,0,16,0.0
10.1021/acs.jpclett.6b01251,0,11,0.0
10.1021/acs.jpclett.8b00136,0,16,0.0
10.1021/acs.jpclett.8b00512,0,25,0.0
10.1021/acs.jpclett.9b00300,0,4,0.0
10.1021/acs.langmuir.6b00478,0,12,0.0
10.1021/acs.orglett.5b02042,0,15,0.0
10.1021/acs.orglett.5b02604,7,6,1.1666666666666667
10.1021/acs.orglett.5b02680,0,56,0.0
10.1021/acs.orglett.5b02948,0,1,0.0
10.1021/acs.orglett.5b03129,0,7,0.0
10.1021/acs.orglett.5b03152,0,19,0.0
10.1021/acs.orglett.5b03167,0,2,0.0
10.1021/acs.orglett.5b03205,5,12,0.4166666666666667
10.1021/acs.orglett.5b03631,0,2,0.0
10.1021/acs.orglett.6b00637,0,4,0.0
10.1021/acs.orglett.6b00747,0,2,0.0
10.1021/acs.orglett.6b01708,0,4,0.0
10.1021/acs.orglett.6b03596,0,6,0.0
10.1021/acs.orglett.7b00069,0,55,0.0
10.1021/acs.orglett.7b00416,0,16,0.0
10.1021/acs.orglett.7b00548,0,5,0.0
10.1021/acs.orglett.7b00601,0,32,0.0
10.1021/acs.orglett.7b01435,0,5,0.0
10.1021/acs.orglett.7b01873,0,1,0.0
10.1021/acs.orglett.7b02337,0,5,0.0
10.1021/acs.orglett.7b02370,0,5,0.0
10.1021/acs.orglett.8b00820,0,9,0.0
10.1021/acs.orglett.8b01011,0,4,0.0
10.1021/acs.orglett.8b01190,0,7,0.0
10.1021/acs.orglett.8b01663,0,6,0.0
10.1021/acs.orglett.8b01786,7,5,1.4
10.1021/acs.orglett.8b02850,0,6,0.0
10.1021/acs.orglett.8b03290,0,6,0.0
10.1021/acs.orglett.8b03329,0,18,0.0
10.1021/acs.orglett.9b00278,0,10,0.0
10.1021/acs.orglett.9b00337,0,2,0.0
10.1021/acs.orglett.9b00784,0,18,0.0
10.1021/acs.orglett.9b02332,0,36,0.0
10.1021/acs.orglett.9b03297,0,36,0.0
10.1021/acs.orglett.9b03342,0,4,0.0
10.1021/acs.orglett.9b04046,0,23,0.0
10.1021/acs.orglett.9b04142,0,9,0.0
10.1021/acs.orglett.9b04206,0,18,0.0
10.1021/acsaem.8b00461,0,27,0.0
10.1021/acsami.5b05033,0,10,0.0
10.1021/acsami.5b05648,5,1,5.0
10.1021/acsami.5b10129,0,8,0.0
10.1021/acsami.5b11895,0,2,0.0
10.1021/acsami.5b12559,0,28,0.0
10.1021/acsami.6b03954,0,2,0.0
10.1021/acsami.6b08738,0,25,0.0
10.1021/acsami.6b09211,0,22,0.0
10.1021/acsami.6b10004,0,12,0.0
10.1021/acsami.6b10678,0,19,0.0
10.1021/acsami.6b14638,0,14,0.0
10.1021/acsami.6b14796,0,28,0.0
10.1021/acsami.6b15816,0,4,0.0
10.1021/acsami.7b04859,0,8,0.0
10.1021/acsami.7b04987,0,6,0.0
10.1021/acsami.7b05615,0,11,0.0
10.1021/acsami.7b06547,0,91,0.0
10.1021/acsami.7b08258,0,11,0.0
10.1021/acsami.7b09351,0,12,0.0
10.1021/acsami.7b10202,0,9,0.0
10.1021/acsami.7b11025,0,6,0.0
10.1021/acsami.7b13158,0,6,0.0
10.1021/acsami.7b18044,0,2,0.0
10.1021/acsami.7b18202,0,4,0.0
10.1021/acsami.7b19646,0,6,0.0
10.1021/acsami.7b19681,0,2,0.0
10.1021/acsami.8b02766,0,4,0.0
10.1021/acsami.8b04566,0,57,0.0
10.1021/acsami.8b05389,0,6,0.0
10.1021/acsami.8b07462,0,4,0.0
10.1021/acsami.8b09013,0,8,0.0
10.1021/acsami.8b11136,0,14,0.0
10.1021/acsami.8b14070,0,4,0.0
10.1021/acsami.8b16199,0,11,0.0
"10.1021/acsami.8b16199,",0,1,0.0
10.1021/acsami.8b18798,0,3,0.0
10.1021/acsami.8b19635,3,26,0.11538461538461539
10.1021/acsami.8b20699,0,20,0.0
10.1021/acsami.8b21568,0,30,0.0
10.1021/acsami.9b00931,0,7,0.0
10.1021/acsami.9b02824,0,4,0.0
10.1021/acsami.9b05950,0,12,0.0
10.1021/acsami.9b06364,0,12,0.0
10.1021/acsami.9b06401,0,9,0.0
10.1021/acsami.9b06612,0,9,0.0
10.1021/acsami.9b07511,0,29,0.0
10.1021/acsami.9b07820,0,4,0.0
10.1021/acsami.9b08107,0,8,0.0
10.1021/acsami.9b08729,5,4,1.25
10.1021/acsami.9b10823,0,10,0.0
10.1021/acsearthspacechem.9b00328,0,18,0.0
10.1021/acsmaterialslett.9b00433,0,4,0.0
10.1021/acsmaterialslett.9b00536,0,9,0.0
10.1021/acsomega.6b00335,0,3,0.0
10.1021/acsomega.7b00335,0,42,0.0
10.1021/acsomega.8b01979,0,2,0.0
10.1021/acsomega.8b02717,0,10,0.0
10.1021/acsomega.8b03617,0,10,0.0
10.1021/am402349v,0,4,0.0
10.1021/bi00581a025,0,8,0.0
10.1021/bi00624a002,0,18,0.0
10.1021/cb1002416,0,14,0.0
10.1021/cm100100w,0,4,0.0
10.1021/cm201789u,0,8,0.0
10.1021/cm400945h,0,14,0.0
10.1021/cm4030414,0,6,0.0
10.1021/cm504441v,0,24,0.0
10.1021/cr00032a005,0,335,0.0
10.1021/j100181a035,0,38,0.0
10.1021/j100248a024,0,27,0.0
10.1021/j100535a016,0,1,0.0
10.1021/j100558a015,0,15,0.0
10.1021/ja001042q,0,10,0.0
10.1021/ja00455a017,0,12,0.0
10.1021/ja016416+,5,28,0.17857142857142858
10.1021/ja0349148,2,18,0.1111111111111111
10.1021/ja070822x,0,5,0.0
10.1021/ja077756j,8,24,0.3333333333333333
10.1021/ja108081b,0,46,0.0
10.1021/ja2006862,0,22,0.0
10.1021/ja204583e,0,11,0.0
10.1021/ja209292b,17,8,2.125
10.1021/ja209293b,0,1,0.0
10.1021/ja209294b,0,1,0.0
10.1021/ja209295b,0,1,0.0
10.1021/ja209296b,0,1,0.0
10.1021/ja209297b,0,1,0.0
10.1021/ja209298b,0,1,0.0
10.1021/ja209299b,0,1,0.0
10.1021/ja209300b,0,1,0.0
10.1021/ja209301b,0,1,0.0
10.1021/ja209302b,0,1,0.0
10.1021/ja209303b,0,1,0.0
10.1021/ja209304b,0,1,0.0
10.1021/ja209305b,0,1,0.0
10.1021/ja209306b,0,1,0.0
10.1021/ja209307b,0,1,0.0
10.1021/ja209308b,0,1,0.0
10.1021/ja209309b,0,1,0.0
10.1021/ja209310b,0,1,0.0
10.1021/ja3055029,0,27,0.0
10.1021/ja306538w,0,6,0.0
10.1021/ja510144h,0,16,0.0
10.1021/ja803954e,2,29,0.06896551724137931
10.1021/ja806348z,0,66,0.0
10.1021/jacs.5b03899,0,9,0.0
10.1021/jacs.5b07932,0,10,0.0
10.1021/jacs.5b10950,0,10,0.0
10.1021/jacs.6b01674,0,4,0.0
10.1021/jacs.6b07647,0,3,0.0
10.1021/jacs.7b00873,0,15,0.0
10.1021/jacs.7b01574,0,2,0.0
10.1021/jacs.7b03848,0,6,0.0
10.1021/jacs.7b11062,0,5,0.0
10.1021/jacs.7b13018,0,12,0.0
10.1021/jacs.8b04795,0,8,0.0
10.1021/jacs.8b12495,0,17,0.0
10.1021/jacs.9b09220,4,18,0.2222222222222222
10.1021/jo000807+,0,25,0.0
10.1021/jo001484k,0,13,0.0
10.1021/jo010267w,0,8,0.0
10.1021/jo0110505,0,48,0.0
10.1021/jo026718+,0,2,0.0
10.1021/jo040183y,3,25,0.12
10.1021/jo048914h,7,6,1.1666666666666667
10.1021/jo049192x,0,12,0.0
10.1021/jo0493424,3,10,0.3
10.1021/jo049452a,3,1,3.0
10.1021/jo049621r,4,10,0.4
10.1021/jo052123d,0,46,0.0
10.1021/jo0601314,7,7,1.0
10.1021/jo061284u,0,3,0.0
10.1021/jo0613939,12,3,4.0
10.1021/jo061567m,6,13,0.46153846153846156
10.1021/jo062150j,11,8,1.375
10.1021/jo070100o,6,11,0.5454545454545454
10.1021/jo0703911,11,30,0.36666666666666664
10.1021/jo0706574,16,8,2.0
10.1021/jo0710331,0,24,0.0
10.1021/jo071064w,12,52,0.23076923076923078
10.1021/jo100158a,0,14,0.0
10.1021/jo100688m,0,12,0.0
10.1021/jo100898a,0,22,0.0
10.1021/jo200529p,0,10,0.0
10.1021/jo200665v,0,5,0.0
10.1021/jo201411t,0,12,0.0
10.1021/jo201413b,0,7,0.0
10.1021/jo201488v,0,19,0.0
10.1021/jo202062f,6,42,0.14285714285714285
10.1021/jo202215x,0,24,0.0
10.1021/jo2025527,0,5,0.0
10.1021/jo202625p,0,11,0.0
10.1021/jo3002479,0,5,0.0
10.1021/jo3002722,0,60,0.0
10.1021/jo300285v,0,45,0.0
10.1021/jo3004919,0,58,0.0
10.1021/jo300724m,0,29,0.0
10.1021/jo301101x,0,9,0.0
10.1021/jo301458m,0,35,0.0
10.1021/jo301652j,3,23,0.13043478260869565
10.1021/jo302050y,0,21,0.0
10.1021/jo302621k,0,12,0.0
10.1021/jo400116j,0,35,0.0
10.1021/jo400128c,0,39,0.0
10.1021/jo4003745,0,14,0.0
10.1021/jo400389h,0,29,0.0
10.1021/jo400783x,0,18,0.0
10.1021/jo4008332,0,16,0.0
10.1021/jo400879g,0,23,0.0
10.1021/jo400947u,0,6,0.0
10.1021/jo401061g,0,6,0.0
10.1021/jo401379g,0,13,0.0
10.1021/jo401384g,0,11,0.0
10.1021/jo402429q,8,10,0.8
10.1021/jo4025978,0,13,0.0
10.1021/jo4028215,0,5,0.0
10.1021/jo4028616,0,21,0.0
10.1021/jo500029f,6,23,0.2608695652173913
10.1021/jo500053m,0,23,0.0
10.1021/jo500085a,0,5,0.0
10.1021/jo500140y,0,8,0.0
10.1021/jo500499g,4,7,0.5714285714285714
10.1021/jo500520x,5,15,0.3333333333333333
10.1021/jo501305h,0,80,0.0
10.1021/jo501565r,0,32,0.0
10.1021/jo501696d,0,18,0.0
10.1021/jo501891w,0,26,0.0
10.1021/jo502244j,0,8,0.0
10.1021/jo502281b,0,29,0.0
10.1021/jo502564w,0,13,0.0
10.1021/jo502605e,0,8,0.0
10.1021/jo701740n,4,48,0.08333333333333333
10.1021/jo702265x,3,8,0.375
10.1021/jo800039r,0,12,0.0
10.1021/jo800902j,0,31,0.0
10.1021/jo801060p,1,8,0.125
10.1021/jo8012622,3,4,0.75
10.1021/jo801549u,4,10,0.4
10.1021/jo9002147,0,84,0.0
10.1021/jo9002757,0,27,0.0
10.1021/jo900415y,0,9,0.0
10.1021/jo900588e,0,38,0.0
10.1021/jo901381f,0,8,0.0
10.1021/jo901783a,0,8,0.0
10.1021/jo901889y,0,19,0.0
10.1021/jo902413h,0,3,0.0
10.1021/jo902482n,0,10,0.0
10.1021/jo990206m,6,17,0.35294117647058826
10.1021/jp000658z,2,18,0.1111111111111111
10.1021/jp003157m,0,18,0.0
10.1021/jp011168p,4,22,0.18181818181818182
10.1021/jp020877f,0,46,0.0
10.1021/jp021141l,1,14,0.07142857142857142
10.1021/jp026369n,0,40,0.0
10.1021/jp035610a,9,66,0.13636363636363635
10.1021/jp037132+,17,5,3.4
10.1021/jp0373898,0,22,0.0
10.1021/jp044530j,21,27,0.7777777777777778
10.1021/jp044669u,16,15,1.0666666666666667
10.1021/jp047557b,10,72,0.1388888888888889
10.1021/jp051035u,10,28,0.35714285714285715
10.1021/jp051349h,5,4,1.25
10.1021/jp052337z,9,14,0.6428571428571429
10.1021/jp052626n,19,49,0.3877551020408163
10.1021/jp054878u,16,18,0.8888888888888888
10.1021/jp056127y,0,10,0.0
10.1021/jp062778y,0,16,0.0
10.1021/jp064937j,10,25,0.4
10.1021/jp066143a,0,5,0.0
10.1021/jp0710739,15,21,0.7142857142857143
10.1021/jp073547+,17,49,0.3469387755102041
10.1021/jp073767n,5,23,0.21739130434782608
10.1021/jp076026v,19,4,4.75
10.1021/jp103410x,0,84,0.0
10.1021/jp111333v,0,5,0.0
10.1021/jp203115c,0,3,0.0
10.1021/jp206396v,0,5,0.0
10.1021/jp207136k,0,10,0.0
10.1021/jp210736x,0,16,0.0
10.1021/jp211215v,0,2,0.0
10.1021/jp308746x,0,6,0.0
10.1021/jp3099297,0,12,0.0
10.1021/jp3106869,8,22,0.36363636363636365
10.1021/jp312376k,0,15,0.0
10.1021/jp400115c,0,6,0.0
10.1021/jp403750q,0,40,0.0
10.1021/jp502535n,0,9,0.0
10.1021/jp507992x,0,27,0.0
10.1021/jp511264r,0,14,0.0
10.1021/jp511385f,0,12,0.0
10.1021/jp512583m,0,12,0.0
10.1021/jp711950z,11,4,2.75
10.1021/jp810919j,0,6,0.0
10.1021/jp901867h,0,18,0.0
10.1021/jp9053988,0,15,0.0
10.1021/jp912286u,0,8,0.0
10.1021/jp9526509,0,20,0.0
10.1021/jp963263h,0,24,0.0
10.1021/jp9638696,0,13,0.0
10.1021/jp980158u,0,49,0.0
10.1021/jp980383b,0,17,0.0
10.1021/jp9901085,7,8,0.875
10.1021/jp992275a,8,36,0.2222222222222222
10.1021/jp992495o,10,1,10.0
10.1021/jz3002019,0,20,0.0
10.1021/ma802532b,7,9,0.7777777777777778
10.1021/ol0162264,1,12,0.08333333333333333
10.1021/ol017150e,3,6,0.5
10.1021/ol0200403,2,6,0.3333333333333333
10.1021/ol025972l,2,3,0.6666666666666666
10.1021/ol0268687,8,4,2.0
10.1021/ol034246v,6,7,0.8571428571428571
10.1021/ol035327u,1,4,0.25
10.1021/ol035532+,3,4,0.75
10.1021/ol036399o,3,14,0.21428571428571427
10.1021/ol0478180,4,4,1.0
10.1021/ol0528991,0,22,0.0
10.1021/ol061520n,2,45,0.044444444444444446
10.1021/ol061827m,4,7,0.5714285714285714
10.1021/ol062490r,0,7,0.0
10.1021/ol062615s,4,6,0.6666666666666666
10.1021/ol1007179,0,8,0.0
10.1021/ol1007263,3,21,0.14285714285714285
10.1021/ol101081m,0,6,0.0
10.1021/ol103147t,0,4,0.0
10.1021/ol2000183,0,15,0.0
10.1021/ol200231z,0,6,0.0
10.1021/ol200525g,0,6,0.0
10.1021/ol201144w,0,4,0.0
10.1021/ol2013523,0,15,0.0
10.1021/ol2014076,0,10,0.0
10.1021/ol201973w,0,8,0.0
10.1021/ol201983u,0,13,0.0
10.1021/ol202379w,0,22,0.0
10.1021/ol2025372,0,5,0.0
10.1021/ol202807d,0,16,0.0
10.1021/ol300674v,0,18,0.0
10.1021/ol302237k,0,15,0.0
10.1021/ol302244f,0,4,0.0
10.1021/ol302668y,0,13,0.0
10.1021/ol400605x,0,12,0.0
10.1021/ol402745r,0,5,0.0
10.1021/ol403153z,0,3,0.0
10.1021/ol403262x,0,4,0.0
10.1021/ol4034622,6,4,1.5
10.1021/ol403470d,0,16,0.0
10.1021/ol501083d,0,4,0.0
10.1021/ol501373s,0,1,0.0
10.1021/ol503379c,0,60,0.0
10.1021/ol702215m,2,9,0.2222222222222222
10.1021/ol7023136,3,6,0.5
10.1021/ol702963w,3,10,0.3
10.1021/ol800526s,0,6,0.0
10.1021/ol800841v,3,11,0.2727272727272727
10.1021/ol801464k,15,11,1.3636363636363635
10.1021/ol801582w,0,14,0.0
10.1021/ol802913b,0,4,0.0
10.1021/ol9000679,0,20,0.0
10.1021/ol900978x,0,5,0.0
10.1021/ol9015282,0,12,0.0
10.1021/ol901584g,1,3,0.3333333333333333
10.1021/ol902140v,0,3,0.0
10.1021/ol902366y,0,3,0.0
10.1021/om2000597,0,13,0.0
10.1021/om9804778,0,7,0.0
10.1023/A%3A1025037832286,0,14,0.0
10.1023/B%3AJOFL.0000014660.59105.31,0,21,0.0
10.1023/B%3AJOFL.0000016287.56322.eb,0,31,0.0
10.1038/nature11687,4,11,0.36363636363636365
"10.1038/nature11687,",0,1,0.0
10.1038/nmat4154,0,8,0.0
10.1038/nphoton.2014.12,0,18,0.0
10.1038/s41566-019-0415-5,0,2,0.0
10.1038/s41566-019-0476-5,0,2,0.0
10.1039/C0JM00581A,0,4,0.0
10.1039/C3TC30699B,0,6,0.0
10.1039/C5CC00307E,0,4,0.0
10.1039/C5CC04126K,0,4,0.0
10.1039/C5CC05435D,0,4,0.0
10.1039/C5CP06653K,0,21,0.0
10.1039/C5MH00258C,0,16,0.0
10.1039/C5TC01380A,0,3,0.0
10.1039/C6CC04516B,0,9,0.0
10.1039/C6MH00579A,0,15,0.0
10.1039/C6SC03793C,0,10,0.0
10.1039/C6SC04863C,0,18,0.0
10.1039/C6TC01353H,0,6,0.0
10.1039/C6TC02027E,0,4,0.0
10.1039/C6TC03359H,0,115,0.0
10.1039/C6TC04653C,0,15,0.0
10.1039/C7CP08472B,0,96,0.0
10.1039/C7PP00392G,0,34,0.0
10.1039/C7TC00457E,0,8,0.0
10.1039/C7TC05709A,0,4,0.0
10.1039/C8CC04594A,0,4,0.0
10.1039/C8NJ00767E,0,12,0.0
10.1039/C9NJ05404A,0,10,0.0
10.1039/C9TC00419J,0,12,0.0
10.1039/C9TC01354G,0,3,0.0
10.1039/C9TC01498E,0,4,0.0
10.1039/b204780m,8,12,0.6666666666666666
10.1039/b816695a,0,53,0.0
10.1039/b909695g,0,20,0.0
10.1039/c1pp05123g,0,107,0.0
10.1039/c2jm33891b,0,22,0.0
10.1039/c2pp25114k,0,58,0.0
10.1039/c3cc41312h,0,2,0.0
10.1039/c3cc41441h,0,2,0.0
10.1039/c3mh00079f,2,3,0.6666666666666666
10.1039/c3tc31936a,4,1,4.0
10.1039/c4cp01724b,0,27,0.0
10.1039/c4cs00030g,0,192,0.0
10.1039/c5cc00511f,0,1,0.0
10.1039/c5cc07999c,0,3,0.0
10.1039/c5cp02762d,0,18,0.0
10.1039/c5tc03411f,0,13,0.0
10.1039/c6cp04252j,0,7,0.0
10.1039/c6cp04293g,0,26,0.0
10.1039/c6cp07720j,0,11,0.0
10.1039/c6ra02814d,0,10,0.0
10.1039/c6ra05996a,0,5,0.0
10.1039/c6tc00385k,0,4,0.0
10.1039/c6tc04453k,0,63,0.0
10.1039/c9cp00796b,0,5,0.0
10.1039/c9tc00538b,0,2,0.0
10.1063/1.1675715,3,6,0.5
10.1088/0957-4484/27/9/094001,0,3,0.0
10.1111/cote.12258,0,4,0.0
10.1111/j.1751-1097.1999.tb08277.x,0,38,0.0
10.1126/sciadv.aao6910,0,7,0.0
10.1155/2011/130102,0,1,0.0
10.1246/cl.130907,0,4,0.0
10.1246/cl.160814,0,11,0.0
10.1351/PAC-REP-10-09-31,0,4,0.0
10.1562/0031-8655(2000)0720625EOSOTE2.0.CO2,0,6,0.0
10.3389/fchem.2019.00312,0,4,0.0
10.3389/fmars.2015.00098,0,14,0.0
10.3390/chemosensors6030026,0,8,0.0
10.3390/molecules17055108,10,14,0.7142857142857143
